Workbook

Sheet LOG
A1: SEED | B1: Creating fractal map | C1: Creating continental map | D1: Preparing Voronoi map | E1: Making continents | F1: Removing inland seas | G1: Adding continental mountain ranges | H1: Making continental shelves | I1: Merging maps | J1: Shifting fractal | K1: Smoothing map | L1: Removing inland seas | M1: Checking poles | N1: Adding archipelagos | O1: Tidying up oceans | P1: Improving coastlines | Q1: Adjusting ocean depths | R1: Generating mid-ocean ridges | S1: Generating deep-sea trenches | T1: Generating volcanoes | U1: Adding smaller mountain ranges | V1: Shifting for best position | W1: Merging fractal into land | X1: Removing floating mountains | Y1: Raising mountain bases | Z1: Smoothing map, preserving coastlines | AA1: Elevating land near canyons | AB1: Filling depressions | AC1: Adjusting coastlines | AD1: Checking islands | AE1: Creating roughness map | AF1: Generating wind map | AG1: Generating global temperature map | AH1: Generating sea ice map | AI1: Calculating tides | AJ1: Calculating ocean rainfal | AK1: Calculating rainfall from prevailing winds | AL1: Calculating monsoons | AM1: Calculating seasonal rainfall | AN1: Smoothing rainfall | AO1: Capping rainfall | AP1: Adjusting temperatures | AQ1: Adjusting continental temperatures | AR1: Smoothing temperatures | AS1: Checking subpolar regions | AT1: Calculating mountain rainfall | AU1: Carving fjords | AV1: Planning river courses | AW1: Placing hydrological basins | AX1: Generating rivers | AY1: Checking mountain river valleys | AZ1: Generating lakes | BA1: Calculating climates | BB1: Generating sand dunes | BC1: Generating salt pans | BD1: Generating river deltas | BE1: Generating wetlands | BF1: Refining roughness map | BG1: Checking poles | BH1: TOTAL
A2: 90588154 | B2: 315.36 | C2: 3.37 | D2: 453.07 | E2: 1019.41 | F2: 729.14 | G2: 8.36 | H2: 1745.36 | I2: 63.41 | J2: 5.92 | K2: 18.14 | L2: 297.16 | M2: 0.18 | N2: 56.87 | O2: 15.78 | P2: 23.7 | Q2: 247.1 | R2: 1224.09 | S2: 70.32 | T2: 133.25 | U2: 29.95 | V2: 47.91 | W2: 21.39 | X2: 10.9 | Y2: 74.16 | Z2: 247.88 | AA2: 505.92 | AB2: 936.46 | AC2: 160.03 | AD2: 18.32 | AE2: 180.22 | AF2: 32.1 | AG2: 532.2 | AH2: 554.44 | AI2: 399.56 | AJ2: 20.61 | AK2: 1790.71 | AL2: 4677.07 | AM2: 102.97 | AN2: 330.26 | AO2: 3.29 | AP2: 3.1 | AQ2: 6.95 | AR2: 16.23 | AS2: 218.64 | AT2: 48.52 | AU2: 61.71 | AV2: 330.35 | AW2: 472.45 | AX2: 378.71 | AY2: 22.85 | AZ2: 547.9 | BA2: 38.62 | BB2: 44.55 | BC2: 3.59 | BD2: 229.76 | BE2: 87.22 | BF2: 14.92 | BG2: 219.16 | BH2: =SUM(B2:BG2) -> 19851.57
A3: 90588154 | B3: 307.75 | C3: 1.53 | D3: 454.6 | E3: 1012.64 | F3: 733.29 | G3: 7.63 | H3: 1756.65 | I3: 60.95 | J3: 4.18 | K3: 18.7 | L3: 297.06 | M3: 0.16 | N3: 57.31 | O3: 16.83 | P3: 24.58 | Q3: 245.25 | R3: 1219.77 | S3: 70.96 | T3: 135.1 | U3: 29.16 | V3: 49.64 | W3: 21.89 | X3: 11.15 | Y3: 74.79 | Z3: 248.36 | AA3: 505.53 | AB3: 925.87 | AC3: 162.03 | AD3: 18.66 | AE3: 184.13 | AF3: 31.69 | AG3: 548.21 | AH3: 549.93 | AI3: 391.82 | AJ3: 21.03 | AK3: 1766.35 | AL3: 4669.81 | AM3: 103.27 | AN3: 334.98 | AO3: 3.95 | AP3: 3.31 | AQ3: 7.01 | AR3: 15.99 | AS3: 219.77 | AT3: 48.5 | AU3: 62.55 | AV3: 363.04 | AW3: 428.99 | AX3: 347.4 | AY3: 22.57 | AZ3: 922.83 | BA3: 39.01 | BB3: 28.2 | BC3: 3.71 | BD3: 239.09 | BE3: 86.95 | BF3: 14.64 | BG3: 138.87 | BH3: =SUM(B3:BG3) -> 20069.62
A4: 90588154 | B4: 306.24 | C4: 1.54 | D4: 457.06 | E4: 1001.22 | F4: 734.82 | G4: 7.81 | H4: 1745.95 | I4: 61.61 | J4: 4.32 | K4: 18.25 | L4: 296.8 | M4: 0.37 | N4: 57.88 | O4: 16.6 | P4: 24.53 | Q4: 242.26 | R4: 1210.63 | S4: 71.16 | T4: 136.17 | U4: 30.06 | V4: 48.49 | W4: 24.08 | X4: 11.37 | Y4: 74.82 | Z4: 246.55 | AA4: 507.03 | AB4: 922.73 | AC4: 162.16 | AD4: 19.25 | AE4: 184 | AF4: 32.57 | AG4: 533.01 | AH4: 546.59 | AI4: 387.69 | AJ4: 20.19 | AK4: 1770.46 | AL4: 4661.93 | AM4: 102.78 | AN4: 346.06 | AO4: 3.3 | AP4: 3.58 | AQ4: 7.35 | AR4: 15.96 | AS4: 229.55 | AT4: 48.27 | AU4: 60.11 | AV4: 359.27 | AW4: 351.58 | AX4: 337.23 | AY4: 22.44 | AZ4: 738.08 | BA4: 38.73 | BB4: 22.56 | BC4: 3.5 | BD4: 191.97 | BE4: 87.93 | BF4: 14.63 | BG4: 60.89 | BH4: =SUM(B4:BG4) -> 19623.97
A5: 90588154 | B5: 317.56 | C5: 3.12 | D5: 455.52 | E5: 1024.42 | F5: 733.46 | G5: 7.95 | H5: 1754.86 | I5: 62.2 | J5: 5.24 | K5: 18.01 | L5: 298.48 | M5: 0.14 | N5: 56.58 | O5: 15.71 | P5: 23.33 | Q5: 241.77 | R5: 1215.52 | S5: 70.86 | T5: 132.35 | U5: 28.42 | V5: 46.63 | W5: 21.79 | X5: 10.84 | Y5: 74.49 | Z5: 247.62 | AA5: 502.66 | AB5: 923.43 | AC5: 159.49 | AD5: 17.74 | AE5: 179.72 | AF5: 31.64 | AG5: 531.13 | AH5: 550.75 | AI5: 392.33 | AJ5: 20.44 | AK5: 1754.48 | AL5: 4760.11 | AM5: 102.92 | AN5: 333.76 | AO5: 3.81 | AP5: 3.3 | AQ5: 7.52 | AR5: 15.9 | AS5: 220.11 | AT5: 48.22 | AU5: 61.78 | AV5: 349.52 | AW5: 340.78 | AX5: 381.58 | AY5: 22.83 | AZ5: 715.54 | BA5: 38.18 | BB5: 67.11 | BC5: 3.3 | BD5: 243.19 | BE5: 88.44 | BF5: 14.99 | BG5: 246.28 | BH5: =SUM(B5:BG5) -> 19999.85
A6: 90588154 | B6: 309.73 | C6: 3.53 | D6: 457.71 | E6: 1019.06 | F6: 732.5 | G6: 9.27 | H6: 1620.41 | I6: 61.52 | J6: 4.91 | K6: 18.11 | L6: 296.35 | M6: 0.14 | N6: 54.41 | O6: 16.27 | P6: 23.76 | Q6: 246.32 | R6: 1241.92 | S6: 73.04 | T6: 129.45 | U6: 29.62 | V6: 48.3 | W6: 22.96 | X6: 10.97 | Y6: 74.28 | Z6: 248.35 | AA6: 499.69 | AB6: 915.84 | AC6: 158.7 | AD6: 19.45 | AE6: 179.26 | AF6: 32.08 | AG6: 539.6 | AH6: 566 | AI6: 396.07 | AJ6: 20.48 | AK6: 1766.55 | AL6: 4706.95 | AM6: 102.25 | AN6: 336.48 | AO6: 3.54 | AP6: 3.07 | AQ6: 6.01 | AR6: 15.43 | AS6: 222.59 | AT6: 48.91 | AU6: 57.61 | AV6: 318.06 | AW6: 466.46 | AX6: 368.03 | AY6: 22.03 | AZ6: 886.66 | BA6: 37.98 | BB6: 31.74 | BC6: 3.31 | BD6: 207.84 | BE6: 85.29 | BF6: 13.73 | BG6: 242 | BH6: =SUM(B6:BG6) -> 20032.58
A7: 90588154 | B7: 313.19 | C7: 3.28 | D7: 459.41 | E7: 1029.81 | F7: 732.99 | G7: 7.97 | H7: 1653.92 | I7: 61.26 | J7: 5.33 | K7: 17.9 | L7: 299.33 | M7: 0.14 | N7: 55.27 | O7: 16.38 | P7: 24.71 | Q7: 248.64 | R7: 1230.29 | S7: 73.57 | T7: 130.65 | U7: 29.94 | V7: 48.21 | W7: 21.62 | X7: 11.34 | Y7: 74.68 | Z7: 246.34 | AA7: 500.59 | AB7: 933.59 | AC7: 157.57 | AD7: 18.56 | AE7: 179.25 | AF7: 31.93 | AG7: 536.4 | AH7: 559.54 | AI7: 395.68 | AJ7: 20.75 | AK7: 1741.39 | AL7: 4697.38 | AM7: 102.75 | AN7: 348.4 | AO7: 3.63 | AP7: 3.79 | AQ7: 8.04 | AR7: 16.86 | AS7: 215.43 | AT7: 49.37 | AU7: 56.77 | AV7: 350.18 | AW7: 354.76 | AX7: 336.81 | AY7: 22.1 | AZ7: 656.49 | BA7: 37.57 | BB7: 52.48 | BC7: 3.15 | BD7: 182.23 | BE7: 85.1 | BF7: 13.92 | BG7: 236.79 | BH7: =SUM(B7:BG7) -> 19705.42
A8: 90588154 | B8: 311.42 | C8: 3.34 | D8: 458.53 | E8: 1020.78 | F8: 731.82 | G8: 7.94 | H8: 1610.99 | I8: 61.62 | J8: 5.16 | K8: 18.04 | L8: 294.45 | M8: 0.16 | N8: 54.34 | O8: 15.8 | P8: 23.44 | Q8: 243.28 | R8: 1239.67 | S8: 70.02 | T8: 130.87 | U8: 28.8 | V8: 47.59 | W8: 28.01 | X8: 11.21 | Y8: 74.07 | Z8: 245.22 | AA8: 502.83 | AB8: 925.43 | AC8: 160.49 | AD8: 19.22 | AE8: 179.25 | AF8: 31.95 | AG8: 535.06 | AH8: 576.42 | AI8: 397.46 | AJ8: 20.85 | AK8: 1787.59 | AL8: 4698.3 | AM8: 103.45 | AN8: 337.05 | AO8: 3.3 | AP8: 3.58 | AQ8: 7.29 | AR8: 16.62 | AS8: 215.28 | AT8: 48.56 | AU8: 57.28 | AV8: 328.26 | AW8: 335.39 | AX8: 376.85 | AY8: 22.19 | AZ8: 963.98 | BA8: 37.16 | BB8: 35.24 | BC8: 4.28 | BD8: 171.74 | BE8: 85.86 | BF8: 14.06 | BG8: 243.35 | BH8: =SUM(B8:BG8) -> 19982.19
A9: 90588154 | B9: 308.97 | C9: 3.64 | D9: 458.49 | E9: 1020.27 | F9: 741.8 | G9: 8.64 | H9: 1626.6 | I9: 61.91 | J9: 5.49 | K9: 18.37 | L9: 296.23 | M9: 0.15 | N9: 55 | O9: 17.21 | P9: 23.79 | Q9: 244.07 | R9: 1291.64 | S9: 72.03 | T9: 129.15 | U9: 33.1 | V9: 47.68 | W9: 21.43 | X9: 10.65 | Y9: 74.31 | Z9: 246.71 | AA9: 498.69 | AB9: 917.4 | AC9: 158.66 | AD9: 18.68 | AE9: 179.63 | AF9: 32 | AG9: 543.67 | AH9: 569.35 | AI9: 393.91 | AJ9: 20.36 | AK9: 1808.94 | AL9: 4714.6 | AM9: 102.49 | AN9: 335.53 | AO9: 3.51 | AP9: 3.64 | AQ9: 6.65 | AR9: 16.14 | AS9: 221.75 | AT9: 48.72 | AU9: 56.1 | AV9: 357.68 | AW9: 475.3 | AX9: 366.83 | AY9: 22.39 | AZ9: 429.17 | BA9: 37.35 | BB9: 60.18 | BC9: 3.31 | BD9: 243.62 | BE9: 85.37 | BF9: 13.6 | BG9: 243.41 | BH9: =SUM(B9:BG9) -> 19805.96
A10: 90588154 | B10: 308.25 | C10: 3.57 | D10: 456.79 | E10: 1023.87 | F10: 736.99 | G10: 8.51 | H10: 1665.88 | I10: 61.81 | J10: 5.14 | K10: 18.38 | L10: 297.58 | M10: 0.14 | N10: 60.09 | O10: 15.82 | P10: 23.93 | Q10: 242.19 | R10: 1228.89 | S10: 70.47 | T10: 128.36 | U10: 29.16 | V10: 48.07 | W10: 22.49 | X10: 10.85 | Y10: 74.29 | Z10: 247.61 | AA10: 500.36 | AB10: 925.23 | AC10: 160.77 | AD10: 18.04 | AE10: 182.02 | AF10: 33.88 | AG10: 538.89 | AH10: 559.36 | AI10: 411.69 | AJ10: 20.86 | AK10: 1572.9 | AL10: 4630.7 | AM10: 102.65 | AN10: 340.32 | AO10: 3.08 | AP10: 3.8 | AQ10: 7.42 | AR10: 17.24 | AS10: 216.54 | AT10: 48.38 | AU10: 56.48 | AV10: 375.85 | AW10: 423.54 | AX10: 381.02 | AY10: 22.66 | AZ10: 433.19 | BA10: 38.61 | BB10: 65.64 | BC10: 3.2 | BD10: 216.86 | BE10: 85.4 | BF10: 14.66 | BG10: 238.97 | BH10: =SUM(B10:BG10) -> 19439.34
A11: 90588154 | B11: 310.34 | C11: 3.36 | D11: 457.83 | E11: 1029.21 | F11: 737.74 | G11: 9.57 | H11: 1666.73 | I11: 61.8 | J11: 5.7 | K11: 18.33 | L11: 305.4 | M11: 0.2 | N11: 57.05 | O11: 16.44 | P11: 24.16 | Q11: 249.63 | R11: 1249.65 | S11: 72.8 | T11: 130.52 | U11: 29.38 | V11: 49.26 | W11: 23.92 | X11: 11.39 | Y11: 75.16 | Z11: 251.2 | AA11: 508.28 | AB11: 933.82 | AC11: 161.35 | AD11: 18.56 | AE11: 185.19 | AF11: 33.44 | AG11: 544.53 | AH11: 566.33 | AI11: 391.83 | AJ11: 19.83 | AK11: 1594.59 | AL11: 4648.81 | AM11: 104.57 | AN11: 332.03 | AO11: 3.27 | AP11: 3.57 | AQ11: 6.9 | AR11: 16.32 | AS11: 217.96 | AT11: 49.18 | AU11: 55.6 | AV11: 349.82 | AW11: 351.43 | AX11: 362.59 | AY11: 22.64 | AZ11: 524.68 | BA11: 37.82 | BB11: 58.75 | BC11: 3.15 | BD11: 235.46 | BE11: 84.78 | BF11: 14.05 | BG11: 235.42 | BH11: =SUM(B11:BG11) -> 19523.32
A12: 90588154 | B12: 308.08 | C12: 3.5 | D12: 460.69 | E12: 1017.38 | F12: 733.66 | G12: 7.84 | H12: 1654.95 | I12: 60.58 | J12: 5.34 | K12: 18.52 | L12: 296.51 | M12: 0.18 | N12: 55.21 | O12: 15.78 | P12: 23.75 | Q12: 241.8 | R12: 1235.49 | S12: 69.26 | T12: 128.4 | U12: 29.63 | V12: 48.26 | W12: 21.26 | X12: 10.86 | Y12: 73.94 | Z12: 246.57 | AA12: 500.82 | AB12: 932.03 | AC12: 164.37 | AD12: 19.53 | AE12: 182.72 | AF12: 33.98 | AG12: 539.18 | AH12: 573.84 | AI12: 392.08 | AJ12: 23.62 | AK12: 1579.87 | AL12: 4724.11 | AM12: 104.8 | AN12: 333.27 | AO12: 3.65 | AP12: 3.35 | AQ12: 7.18 | AR12: 16.58 | AS12: 216.71 | AT12: 48.72 | AU12: 56.1 | AV12: 351.46 | AW12: 391.49 | AX12: 348.14 | AY12: 22.7 | AZ12: 520.28 | BA12: 38.36 | BB12: 38.88 | BC12: 3.15 | BD12: 164.46 | BE12: 84.04 | BF12: 14.55 | BG12: 257.92 | BH12: =SUM(B12:BG12) -> 19459.38
A13: 90588154 | B13: 310.79 | C13: 3.32 | D13: 428.68 | E13: 1023.52 | F13: 737.42 | G13: 8.17 | H13: 1739.1 | I13: 61.48 | J13: 3.94 | K13: 18.13 | L13: 294.97 | M13: 0.14 | N13: 56.43 | O13: 17.96 | P13: 24.03 | Q13: 244.31 | R13: 1217.73 | S13: 73.1 | T13: 131.64 | U13: 30.87 | V13: 47.75 | W13: 23.12 | X13: 10.59 | Y13: 73.09 | Z13: 249.54 | AA13: 502.49 | AB13: 931.84 | AC13: 158.85 | AD13: 18.87 | AE13: 180.39 | AF13: 31.64 | AG13: 533.04 | AH13: 555.34 | AI13: 397.22 | AJ13: 21.58 | AK13: 1616.59 | AL13: 4340.52 | AM13: 103.33 | AN13: 346.39 | AO13: 3.57 | AP13: 3.6 | AQ13: 7.23 | AR13: 16.94 | AS13: 219.7 | AT13: 47.78 | AU13: 70.3 | AV13: 388.12 | AW13: 385.42 | AX13: 390.29 | AY13: 22.03 | AZ13: 392.19 | BA13: 39.14 | BB13: 22.43 | BC13: 3.24 | BD13: 240.73 | BE13: 86.86 | BF13: 14.86 | BG13: 266.27 | BH13: =SUM(B13:BG13) -> 19188.61
... A22: 90588154 | B22: 313.86 | C22: 3.9 | D22: 457.81 | E22: 1036.89 | F22: 739.06 | G22: 9.6 | H22: 1630.64 | I22: 61.29 | J22: 4.57 | K22: 17.9 | L22: 299.39 | M22: 0.38 | N22: 57.31 | O22: 17.68 | P22: 24.5 | Q22: 244.45 | R22: 1237.64 | S22: 72.01 | T22: 130.73 | U22: 29.62 | V22: 48.21 | W22: 21.69 | X22: 6.46 | Y22: 20.39 | Z22: 256.3 | AA22: 505.22 | AB22: 841.41 | AC22: 167.93 | AD22: 18.18 | AE22: 182.36 | AF22: 32.83 | AG22: 545.72 | AH22: 570.6 | AI22: 400.12 | AJ22: 23.6 | AK22: 1732.51 | AL22: 4759.14 | AM22: 103.57 | AN22: 349.11 | AO22: 4.04 | AP22: 4.33 | AQ22: 8.02 | AR22: 16.91 | AS22: 215.2 | AT22: 21.03 | AU22: 57.73 | AV22: 318.26 | AW22: 369.89 | AX22: 279.99 | AY22: 14.1 | AZ22: 554.15 | BA22: 37.74 | BB22: 53.29 | BC22: 3.49 | BD22: 236.97 | BE22: 86.44 | BF22: 14.02 | BG22: 57.45 | BH22: =SUM(B22:BG22) -> 19327.63
BH23: =SUM(B23:BG23) -> 0
BH24: =SUM(B24:BG24) -> 0
BH25: =SUM(B25:BG25) -> 0
BH26: =SUM(B26:BG26) -> 0
BH27: =SUM(B27:BG27) -> 0
BH28: =SUM(B28:BG28) -> 0
BH29: =SUM(B29:BG29) -> 0
BH30: =SUM(B30:BG30) -> 0
BH31: =SUM(B31:BG31) -> 0
BH32: =SUM(B32:BG32) -> 0
BH33: =SUM(B33:BG33) -> 0
BH34: =SUM(B34:BG34) -> 0
... BH100: =SUM(B100:BG100) -> 0

Sheet AVG
A1: Creating fractal map | B1: Creating continental map | C1: Preparing Voronoi map | D1: Making continents | E1: Removing inland seas | F1: Adding continental mountain ranges | G1: Making continental shelves | H1: Merging maps | I1: Shifting fractal | J1: Smoothing map | K1: Removing inland seas | L1: Checking poles | M1: Adding archipelagos | N1: Tidying up oceans | O1: Improving coastlines | P1: Adjusting ocean depths | Q1: Generating mid-ocean ridges | R1: Generating deep-sea trenches | S1: Generating volcanoes | T1: Adding smaller mountain ranges | U1: Shifting for best position | V1: Merging fractal into land | W1: Removing floating mountains | X1: Raising mountain bases | Y1: Smoothing map, preserving coastlines | Z1: Elevating land near canyons | AA1: Filling depressions | AB1: Adjusting coastlines | AC1: Checking islands | AD1: Creating roughness map | AE1: Generating wind map | AF1: Generating global temperature map | AG1: Generating sea ice map | AH1: Calculating tides | AI1: Calculating ocean rainfal | AJ1: Calculating rainfall from prevailing winds | AK1: Calculating monsoons | AL1: Calculating seasonal rainfall | AM1: Smoothing rainfall | AN1: Capping rainfall | AO1: Adjusting temperatures | AP1: Adjusting continental temperatures | AQ1: Smoothing temperatures | AR1: Checking subpolar regions | AS1: Calculating mountain rainfall | AT1: Carving fjords | AU1: Planning river courses | AV1: Placing hydrological basins | AW1: Generating rivers | AX1: Checking mountain river valleys | AY1: Generating lakes | AZ1: Calculating climates | BA1: Generating sand dunes | BB1: Generating salt pans | BC1: Generating river deltas | BD1: Generating wetlands | BE1: Refining roughness map | BF1: Checking poles | BG1: TOTAL
A2: =AVERAGE(LOG!B2:B4) -> 309.78333 | B2: =AVERAGE(LOG!C2:C4) -> 2.1466667 | C2: =AVERAGE(LOG!D2:D4) -> 454.91 | D2: =AVERAGE(LOG!E2:E4) -> 1011.09 | E2: =AVERAGE(LOG!F2:F4) -> 732.41667 | F2: =AVERAGE(LOG!G2:G4) -> 7.9333333 | G2: =AVERAGE(LOG!H2:H4) -> 1749.32 | H2: =AVERAGE(LOG!I2:I4) -> 61.99 | ... BF2: =AVERAGE(LOG!BG2:BG4) -> 139.64 | BG2: =SUM(A2:BF2) -> 19848.387
